[{"topK": 626, "shrink": 404, "similarity": "tversky", "normalize": true, "tversky_alpha": 0.7543772416615548, "tversky_beta": 1.0580494663766782}, {"topK": 199, "shrink": 523, "similarity": "tversky", "normalize": true, "tversky_alpha": 1.6695085354548307, "tversky_beta": 1.301445017242079}, {"topK": 141, "shrink": 602, "similarity": "tversky", "normalize": true, "tversky_alpha": 1.5485982182740854, "tversky_beta": 1.346466055574799}, {"topK": 561, "shrink": 323, "similarity": "tversky", "normalize": true, "tversky_alpha": 0.549739701913054, "tversky_beta": 1.7899193196875627}, {"topK": 549, "shrink": 982, "similarity": "tversky", "normalize": true, "tversky_alpha": 1.6621684929432692, "tversky_beta": 1.7772710102281388}, {"topK": 989, "shrink": 69, "similarity": "tversky", "normalize": true, "tversky_alpha": 0.10502688332885418, "tversky_beta": 0.04157929551907953}, {"topK": 29, "shrink": 927, "similarity": "tversky", "normalize": true, "tversky_alpha": 0.09601983091442604, "tversky_beta": 0.05509731627220728}, {"topK": 945, "shrink": 37, "similarity": "tversky", "normalize": true, "tversky_alpha": 1.973859028884007, "tversky_beta": 0.10739780824036929}, {"topK": 981, "shrink": 991, "similarity": "tversky", "normalize": true, "tversky_alpha": 0.13873280362545015, "tversky_beta": 1.933785619926434}, {"topK": 29, "shrink": 46, "similarity": "tversky", "normalize": true, "tversky_alpha": 1.9882188730124646, "tversky_beta": 1.900959592495999}, {"topK": 13, "shrink": 915, "similarity": "tversky", "normalize": true, "tversky_alpha": 0.059184684794263434, "tversky_beta": 0.01944100408299532}, {"topK": 993, "shrink": 974, "similarity": "tversky", "normalize": true, "tversky_alpha": 1.6257856338174836, "tversky_beta": 0.0627678146656765}, {"topK": 881, "shrink": 0, "similarity": "tversky", "normalize": true, "tversky_alpha": 0.06517779723458574, "tversky_beta": 1.8596981336992586}, {"topK": 22, "shrink": 66, "similarity": "tversky", "normalize": true, "tversky_alpha": 0.014311521547091036, "tversky_beta": 0.004884494069526958}, {"topK": 962, "shrink": 945, "similarity": "tversky", "normalize": true, "tversky_alpha": 1.9392699754330975, "tversky_beta": 0.0075192679498532495}, {"topK": 15, "shrink": 989, "similarity": "tversky", "normalize": true, "tversky_alpha": 1.857162229854554, "tversky_beta": 1.9001107996674773}, {"topK": 98, "shrink": 31, "similarity": "tversky", "normalize": true, "tversky_alpha": 0.009580103683169004, "tversky_beta": 1.961784303819482}, {"topK": 31, "shrink": 33, "similarity": "tversky", "normalize": true, "tversky_alpha": 1.8376668488538075, "tversky_beta": 0.043640786763898605}, {"topK": 993, "shrink": 59, "similarity": "tversky", "normalize": true, "tversky_alpha": 0.011837844089349184, "tversky_beta": 1.98341379101803}, {"topK": 979, "shrink": 82, "similarity": "tversky", "normalize": true, "tversky_alpha": 1.994631961440198, "tversky_beta": 1.949233702651787}, {"topK": 948, "shrink": 997, "similarity": "tversky", "normalize": true, "tversky_alpha": 0.1647099988538652, "tversky_beta": 1.9255916918504352}, {"topK": 908, "shrink": 17, "similarity": "tversky", "normalize": true, "tversky_alpha": 1.9936978083524577, "tversky_beta": 0.009239265741175392}, {"topK": 36, "shrink": 953, "similarity": "tversky", "normalize": true, "tversky_alpha": 0.13627608374228578, "tversky_beta": 0.06566065574978777}, {"topK": 39, "shrink": 42, "similarity": "tversky", "normalize": true, "tversky_alpha": 1.9490217493189055, "tversky_beta": 1.9682706046918739}, {"topK": 980, "shrink": 954, "similarity": "tversky", "normalize": true, "tversky_alpha": 1.9806506959115342, "tversky_beta": 0.037640687013410286}, {"topK": 6, "shrink": 917, "similarity": "tversky", "normalize": true, "tversky_alpha": 1.9842008378733464, "tversky_beta": 1.96972637817656}, {"topK": 93, "shrink": 7, "similarity": "tversky", "normalize": true, "tversky_alpha": 0.05770724354300308, "tversky_beta": 0.011822762530762924}, {"topK": 835, "shrink": 987, "similarity": "tversky", "normalize": true, "tversky_alpha": 0.009627016189683934, "tversky_beta": 0.026380290701465546}, {"topK": 19, "shrink": 986, "similarity": "tversky", "normalize": true, "tversky_alpha": 0.0006624312493861418, "tversky_beta": 0.0548263672069076}, {"topK": 903, "shrink": 34, "similarity": "tversky", "normalize": true, "tversky_alpha": 0.06434994309247442, "tversky_beta": 1.9591792950394433}, {"topK": 13, "shrink": 3, "similarity": "tversky", "normalize": true, "tversky_alpha": 1.9674705638856484, "tversky_beta": 0.0354410575662183}, {"topK": 963, "shrink": 996, "similarity": "tversky", "normalize": true, "tversky_alpha": 1.8201234786687621, "tversky_beta": 1.998449087137011}, {"topK": 988, "shrink": 39, "similarity": "tversky", "normalize": true, "tversky_alpha": 0.004900476059929055, "tversky_beta": 0.1944940988776924}, {"topK": 21, "shrink": 908, "similarity": "tversky", "normalize": true, "tversky_alpha": 0.006340364015669636, "tversky_beta": 1.9425549525014685}, {"topK": 973, "shrink": 991, "similarity": "tversky", "normalize": true, "tversky_alpha": 1.8459773279973757, "tversky_beta": 0.040639853734443086}]