[{"topK": 382, "shrink": 498, "similarity": "asymmetric", "normalize": true, "asymmetric_alpha": 1.1717859936517083, "feature_weighting": "TF-IDF"}, {"topK": 875, "shrink": 305, "similarity": "asymmetric", "normalize": true, "asymmetric_alpha": 0.9821626864255777, "feature_weighting": "BM25"}, {"topK": 924, "shrink": 732, "similarity": "asymmetric", "normalize": true, "asymmetric_alpha": 1.884913633190692, "feature_weighting": "BM25"}, {"topK": 118, "shrink": 149, "similarity": "asymmetric", "normalize": true, "asymmetric_alpha": 1.0172341399243443, "feature_weighting": "none"}, {"topK": 503, "shrink": 734, "similarity": "asymmetric", "normalize": true, "asymmetric_alpha": 1.749460924423174, "feature_weighting": "none"}, {"topK": 12, "shrink": 980, "similarity": "asymmetric", "normalize": true, "asymmetric_alpha": 0.0743973912367927, "feature_weighting": "TF-IDF"}, {"topK": 1000, "shrink": 18, "similarity": "asymmetric", "normalize": true, "asymmetric_alpha": 1.9788809036537023, "feature_weighting": "TF-IDF"}, {"topK": 1000, "shrink": 928, "similarity": "asymmetric", "normalize": true, "asymmetric_alpha": 0.0005557629775269253, "feature_weighting": "none"}, {"topK": 93, "shrink": 16, "similarity": "asymmetric", "normalize": true, "asymmetric_alpha": 0.15314498408775667, "feature_weighting": "BM25"}, {"topK": 6, "shrink": 912, "similarity": "asymmetric", "normalize": true, "asymmetric_alpha": 1.9472538846043659, "feature_weighting": "BM25"}, {"topK": 974, "shrink": 31, "similarity": "asymmetric", "normalize": true, "asymmetric_alpha": 0.00980562891599446, "feature_weighting": "TF-IDF"}, {"topK": 7, "shrink": 70, "similarity": "asymmetric", "normalize": true, "asymmetric_alpha": 1.9326669371100196, "feature_weighting": "none"}, {"topK": 955, "shrink": 987, "similarity": "asymmetric", "normalize": true, "asymmetric_alpha": 0.0, "feature_weighting": "none"}, {"topK": 25, "shrink": 923, "similarity": "asymmetric", "normalize": true, "asymmetric_alpha": 1.9764431612630762, "feature_weighting": "TF-IDF"}, {"topK": 24, "shrink": 2, "similarity": "asymmetric", "normalize": true, "asymmetric_alpha": 0.02760126777657535, "feature_weighting": "BM25"}, {"topK": 989, "shrink": 987, "similarity": "asymmetric", "normalize": true, "asymmetric_alpha": 0.1934692286398741, "feature_weighting": "BM25"}, {"topK": 20, "shrink": 5, "similarity": "asymmetric", "normalize": true, "asymmetric_alpha": 0.09533301566109567, "feature_weighting": "none"}, {"topK": 991, "shrink": 33, "similarity": "asymmetric", "normalize": true, "asymmetric_alpha": 1.9930196083940226, "feature_weighting": "TF-IDF"}, {"topK": 83, "shrink": 990, "similarity": "asymmetric", "normalize": true, "asymmetric_alpha": 0.01827668103360934, "feature_weighting": "TF-IDF"}, {"topK": 970, "shrink": 932, "similarity": "asymmetric", "normalize": true, "asymmetric_alpha": 1.993385204823336, "feature_weighting": "none"}, {"topK": 1000, "shrink": 993, "similarity": "asymmetric", "normalize": true, "asymmetric_alpha": 1.9799136306742524, "feature_weighting": "BM25"}, {"topK": 972, "shrink": 7, "similarity": "asymmetric", "normalize": true, "asymmetric_alpha": 0.028558475541640378, "feature_weighting": "TF-IDF"}, {"topK": 20, "shrink": 992, "similarity": "asymmetric", "normalize": true, "asymmetric_alpha": 1.9771790620670793, "feature_weighting": "TF-IDF"}, {"topK": 986, "shrink": 29, "similarity": "asymmetric", "normalize": true, "asymmetric_alpha": 1.9236390185288565, "feature_weighting": "none"}, {"topK": 19, "shrink": 64, "similarity": "asymmetric", "normalize": true, "asymmetric_alpha": 1.9635583161613206, "feature_weighting": "BM25"}, {"topK": 63, "shrink": 991, "similarity": "asymmetric", "normalize": true, "asymmetric_alpha": 0.012590565094494726, "feature_weighting": "BM25"}, {"topK": 26, "shrink": 988, "similarity": "asymmetric", "normalize": true, "asymmetric_alpha": 0.11776821457320141, "feature_weighting": "none"}, {"topK": 963, "shrink": 70, "similarity": "asymmetric", "normalize": true, "asymmetric_alpha": 0.008770777912574525, "feature_weighting": "BM25"}, {"topK": 23, "shrink": 75, "similarity": "asymmetric", "normalize": true, "asymmetric_alpha": 1.9641196378510644, "feature_weighting": "none"}, {"topK": 53, "shrink": 12, "similarity": "asymmetric", "normalize": true, "asymmetric_alpha": 0.0, "feature_weighting": "TF-IDF"}, {"topK": 978, "shrink": 996, "similarity": "asymmetric", "normalize": true, "asymmetric_alpha": 1.870916166556325, "feature_weighting": "TF-IDF"}, {"topK": 979, "shrink": 977, "similarity": "asymmetric", "normalize": true, "asymmetric_alpha": 0.13436961745232082, "feature_weighting": "none"}, {"topK": 20, "shrink": 993, "similarity": "asymmetric", "normalize": true, "asymmetric_alpha": 0.023793625019483462, "feature_weighting": "BM25"}, {"topK": 999, "shrink": 36, "similarity": "asymmetric", "normalize": true, "asymmetric_alpha": 0.05995780040919875, "feature_weighting": "BM25"}, {"topK": 30, "shrink": 986, "similarity": "asymmetric", "normalize": true, "asymmetric_alpha": 1.9990970175117682, "feature_weighting": "TF-IDF"}]