[{"topK": 145, "shrink": 963, "similarity": "cosine", "normalize": true, "feature_weighting": "none"}, {"topK": 785, "shrink": 971, "similarity": "cosine", "normalize": false, "feature_weighting": "none"}, {"topK": 625, "shrink": 282, "similarity": "cosine", "normalize": true, "feature_weighting": "none"}, {"topK": 319, "shrink": 466, "similarity": "cosine", "normalize": true, "feature_weighting": "BM25"}, {"topK": 298, "shrink": 917, "similarity": "cosine", "normalize": true, "feature_weighting": "BM25"}, {"topK": 979, "shrink": 22, "similarity": "cosine", "normalize": false, "feature_weighting": "TF-IDF"}, {"topK": 11, "shrink": 4, "similarity": "cosine", "normalize": false, "feature_weighting": "TF-IDF"}, {"topK": 980, "shrink": 2, "similarity": "cosine", "normalize": false, "feature_weighting": "BM25"}, {"topK": 959, "shrink": 997, "similarity": "cosine", "normalize": true, "feature_weighting": "TF-IDF"}, {"topK": 19, "shrink": 977, "similarity": "cosine", "normalize": false, "feature_weighting": "BM25"}, {"topK": 12, "shrink": 4, "similarity": "cosine", "normalize": true, "feature_weighting": "TF-IDF"}, {"topK": 23, "shrink": 4, "similarity": "cosine", "normalize": false, "feature_weighting": "none"}, {"topK": 998, "shrink": 11, "similarity": "cosine", "normalize": true, "feature_weighting": "none"}, {"topK": 971, "shrink": 1000, "similarity": "cosine", "normalize": false, "feature_weighting": "TF-IDF"}, {"topK": 990, "shrink": 27, "similarity": "cosine", "normalize": true, "feature_weighting": "BM25"}, {"topK": 29, "shrink": 992, "similarity": "cosine", "normalize": true, "feature_weighting": "TF-IDF"}, {"topK": 975, "shrink": 992, "similarity": "cosine", "normalize": false, "feature_weighting": "none"}, {"topK": 19, "shrink": 980, "similarity": "cosine", "normalize": false, "feature_weighting": "BM25"}, {"topK": 8, "shrink": 20, "similarity": "cosine", "normalize": false, "feature_weighting": "none"}, {"topK": 990, "shrink": 2, "similarity": "cosine", "normalize": true, "feature_weighting": "BM25"}, {"topK": 982, "shrink": 993, "similarity": "cosine", "normalize": false, "feature_weighting": "TF-IDF"}, {"topK": 6, "shrink": 8, "similarity": "cosine", "normalize": true, "feature_weighting": "TF-IDF"}, {"topK": 989, "shrink": 1000, "similarity": "cosine", "normalize": true, "feature_weighting": "none"}, {"topK": 31, "shrink": 988, "similarity": "cosine", "normalize": false, "feature_weighting": "BM25"}, {"topK": 996, "shrink": 4, "similarity": "cosine", "normalize": false, "feature_weighting": "BM25"}, {"topK": 8, "shrink": 33, "similarity": "cosine", "normalize": true, "feature_weighting": "none"}, {"topK": 1000, "shrink": 990, "similarity": "cosine", "normalize": true, "feature_weighting": "TF-IDF"}, {"topK": 25, "shrink": 5, "similarity": "cosine", "normalize": false, "feature_weighting": "TF-IDF"}, {"topK": 10, "shrink": 992, "similarity": "cosine", "normalize": true, "feature_weighting": "BM25"}, {"topK": 989, "shrink": 2, "similarity": "cosine", "normalize": false, "feature_weighting": "none"}, {"topK": 24, "shrink": 984, "similarity": "cosine", "normalize": false, "feature_weighting": "none"}, {"topK": 983, "shrink": 5, "similarity": "cosine", "normalize": true, "feature_weighting": "BM25"}, {"topK": 994, "shrink": 995, "similarity": "cosine", "normalize": false, "feature_weighting": "TF-IDF"}, {"topK": 7, "shrink": 8, "similarity": "cosine", "normalize": true, "feature_weighting": "TF-IDF"}, {"topK": 963, "shrink": 989, "similarity": "cosine", "normalize": true, "feature_weighting": "none"}]