[{"topK": 177, "shrink": 29, "similarity": "jaccard", "normalize": false}, {"topK": 607, "shrink": 459, "similarity": "jaccard", "normalize": true}, {"topK": 801, "shrink": 339, "similarity": "jaccard", "normalize": false}, {"topK": 67, "shrink": 378, "similarity": "jaccard", "normalize": false}, {"topK": 76, "shrink": 496, "similarity": "jaccard", "normalize": false}, {"topK": 986, "shrink": 996, "similarity": "jaccard", "normalize": true}, {"topK": 10, "shrink": 972, "similarity": "jaccard", "normalize": true}, {"topK": 992, "shrink": 8, "similarity": "jaccard", "normalize": true}, {"topK": 993, "shrink": 987, "similarity": "jaccard", "normalize": false}, {"topK": 10, "shrink": 7, "similarity": "jaccard", "normalize": true}, {"topK": 977, "shrink": 993, "similarity": "jaccard", "normalize": false}, {"topK": 25, "shrink": 998, "similarity": "jaccard", "normalize": true}, {"topK": 967, "shrink": 4, "similarity": "jaccard", "normalize": true}, {"topK": 999, "shrink": 4, "similarity": "jaccard", "normalize": false}, {"topK": 12, "shrink": 999, "similarity": "jaccard", "normalize": false}, {"topK": 5, "shrink": 10, "similarity": "jaccard", "normalize": true}, {"topK": 971, "shrink": 996, "similarity": "jaccard", "normalize": true}, {"topK": 10, "shrink": 8, "similarity": "jaccard", "normalize": false}, {"topK": 990, "shrink": 4, "similarity": "jaccard", "normalize": false}, {"topK": 8, "shrink": 989, "similarity": "jaccard", "normalize": true}, {"topK": 994, "shrink": 992, "similarity": "jaccard", "normalize": false}, {"topK": 984, "shrink": 4, "similarity": "jaccard", "normalize": true}, {"topK": 17, "shrink": 999, "similarity": "jaccard", "normalize": false}, {"topK": 24, "shrink": 0, "similarity": "jaccard", "normalize": true}, {"topK": 995, "shrink": 999, "similarity": "jaccard", "normalize": true}, {"topK": 5, "shrink": 5, "similarity": "jaccard", "normalize": false}, {"topK": 8, "shrink": 1000, "similarity": "jaccard", "normalize": true}, {"topK": 1000, "shrink": 18, "similarity": "jaccard", "normalize": false}, {"topK": 996, "shrink": 982, "similarity": "jaccard", "normalize": false}, {"topK": 994, "shrink": 1, "similarity": "jaccard", "normalize": true}, {"topK": 17, "shrink": 986, "similarity": "jaccard", "normalize": false}, {"topK": 995, "shrink": 995, "similarity": "jaccard", "normalize": true}, {"topK": 6, "shrink": 3, "similarity": "jaccard", "normalize": true}, {"topK": 998, "shrink": 2, "similarity": "jaccard", "normalize": false}, {"topK": 10, "shrink": 982, "similarity": "jaccard", "normalize": false}]