[{"topK": 715, "shrink": 523, "similarity": "dice", "normalize": true}, {"topK": 902, "shrink": 950, "similarity": "dice", "normalize": true}, {"topK": 109, "shrink": 496, "similarity": "dice", "normalize": true}, {"topK": 395, "shrink": 67, "similarity": "dice", "normalize": false}, {"topK": 55, "shrink": 337, "similarity": "dice", "normalize": false}, {"topK": 979, "shrink": 999, "similarity": "dice", "normalize": false}, {"topK": 990, "shrink": 16, "similarity": "dice", "normalize": true}, {"topK": 11, "shrink": 993, "similarity": "dice", "normalize": false}, {"topK": 7, "shrink": 10, "similarity": "dice", "normalize": true}, {"topK": 973, "shrink": 0, "similarity": "dice", "normalize": false}, {"topK": 16, "shrink": 996, "similarity": "dice", "normalize": true}, {"topK": 993, "shrink": 992, "similarity": "dice", "normalize": false}, {"topK": 13, "shrink": 4, "similarity": "dice", "normalize": false}, {"topK": 998, "shrink": 15, "similarity": "dice", "normalize": true}, {"topK": 6, "shrink": 984, "similarity": "dice", "normalize": true}, {"topK": 992, "shrink": 983, "similarity": "dice", "normalize": false}, {"topK": 26, "shrink": 0, "similarity": "dice", "normalize": false}, {"topK": 977, "shrink": 9, "similarity": "dice", "normalize": true}, {"topK": 23, "shrink": 995, "similarity": "dice", "normalize": true}, {"topK": 983, "shrink": 989, "similarity": "dice", "normalize": false}, {"topK": 7, "shrink": 16, "similarity": "dice", "normalize": false}, {"topK": 998, "shrink": 4, "similarity": "dice", "normalize": true}, {"topK": 5, "shrink": 994, "similarity": "dice", "normalize": true}, {"topK": 983, "shrink": 993, "similarity": "dice", "normalize": false}, {"topK": 10, "shrink": 7, "similarity": "dice", "normalize": false}, {"topK": 994, "shrink": 3, "similarity": "dice", "normalize": true}, {"topK": 13, "shrink": 987, "similarity": "dice", "normalize": true}, {"topK": 1000, "shrink": 965, "similarity": "dice", "normalize": false}, {"topK": 10, "shrink": 1, "similarity": "dice", "normalize": false}, {"topK": 998, "shrink": 12, "similarity": "dice", "normalize": true}, {"topK": 7, "shrink": 992, "similarity": "dice", "normalize": true}, {"topK": 962, "shrink": 1000, "similarity": "dice", "normalize": false}, {"topK": 10, "shrink": 15, "similarity": "dice", "normalize": false}, {"topK": 999, "shrink": 7, "similarity": "dice", "normalize": true}, {"topK": 994, "shrink": 995, "similarity": "dice", "normalize": true}]